{"stats":{"minecraft:picked_up":{"xtradrinks:pineapple":22,"minecraft:stick":1,"minecraft:cocoa_beans":9,"minecraft:crafting_table":1,"xtradrinks:blackberry":11,"minecraft:jungle_log":6,"xtradrinks:lime":13,"minecraft:dirt":7,"alexsmobs:animal_dictionary":1,"biomesoplenty:mahogany_log":22,"xtradrinks:grape":4,"xtradrinks:orange":9,"minecraft:apple":7,"biomesoplenty:mahogany_sapling":1,"minecraft:wheat_seeds":1,"xtradrinks:lemon":10,"minecraft:popped_chorus_fruit":30,"minecraft:jungle_sapling":1,"xtradrinks:pomegranate":11,"minecraft:cod":2},"minecraft:killed":{"fuzzymobs:piranha":2,"alexsmobs:terrapin":1,"xtradrinks:greenman":1},"minecraft:custom":{"minecraft:time_since_rest":8515,"minecraft:sprint_one_cm":26801,"minecraft:damage_taken":520,"minecraft:walk_one_cm":22799,"minecraft:mob_kills":4,"minecraft:damage_dealt":364,"minecraft:swim_one_cm":14817,"minecraft:interact_with_crafting_table":3,"minecraft:fly_one_cm":24648,"minecraft:player_kills":1,"minecraft:crouch_one_cm":957,"minecraft:play_time":12787,"minecraft:deaths":2,"minecraft:sneak_time":457,"minecraft:walk_under_water_one_cm":2781,"minecraft:jump":276,"minecraft:walk_on_water_one_cm":1956,"minecraft:time_since_death":8468,"minecraft:total_world_time":12787,"minecraft:fall_one_cm":9802},"minecraft:crafted":{"minecraft:crafting_table":1,"minecraft:stick":4,"minecraft:wooden_pickaxe":1,"minecraft:wooden_axe":1,"minecraft:jungle_planks":16},"minecraft:used":{"minecraft:wooden_axe":35,"xtradrinks:pineapple":2,"minecraft:wooden_pickaxe":3,"minecraft:dirt":4,"minecraft:crafting_table":1},"minecraft:mined":{"xtradrinks:lemon":1,"biomesoplenty:mahogany_log":22,"minecraft:jungle_leaves":2,"minecraft:crafting_table":1,"minecraft:grass_block":4,"minecraft:cocoa":2,"minecraft:jungle_log":6,"minecraft:dirt":3,"minecraft:fern":3}},"DataVersion":2975}