{"stats":{"minecraft:picked_up":{"minecraft:wooden_axe":1,"minecraft:cocoa_beans":36,"minecraft:crafting_table":2,"minecraft:feather":2,"minecraft:chicken":5,"minecraft:prismarine_shard":3,"minecraft:tripwire_hook":2,"minecraft:jungle_log":6,"minecraft:shield":2,"minecraft:dirt":10,"minecraft:string":3,"xtradrinks:orange":9,"minecraft:apple":7,"minecraft:wheat_seeds":6,"minecraft:popped_chorus_fruit":30,"minecraft:jungle_sapling":1,"minecraft:melon_slice":55,"minecraft:sugar_cane":10,"minecraft:iron_sword":3,"biomesoplenty:mahogany_planks":1,"xtradrinks:cranberry":8,"xtradrinks:pineapple":27,"minecraft:stick":1,"xtradrinks:blackberry":14,"xtradrinks:lime":13,"fuzzymobs:stinger":1,"minecraft:spider_eye":1,"alexsmobs:animal_dictionary":1,"xtradrinks:grape":6,"biomesoplenty:mahogany_log":48,"minecraft:rotten_flesh":1,"biomesoplenty:mahogany_sapling":1,"xtradrinks:lemon":10,"xtradrinks:pomegranate":11,"minecraft:cod":6,"minecraft:skeleton_skull":1,"minecraft:cobblestone":6},"minecraft:killed":{"fuzzymobs:piranha":2,"fuzzymobs:green_ninja":1,"structuresadventures:chicken_wizard":1,"minecraft:spider":1,"fuzzymobs:shark":2,"fuzzymobs:bloodmoon_cow":1,"fuzzymobs:bloodmoon_pig":1,"fuzzymobs:native_man_shooter":3,"minecraft:zombie":5,"fuzzymobs:krell":1,"alexsmobs:terrapin":1,"xtradrinks:greenman":1,"alexsmobs:leafcutter_ant":1,"minecraft:drowned":1,"structuresadventures:chicken_warrior":6,"fuzzymobs:farsight_zombie":1},"minecraft:custom":{"minecraft:interact_with_anvil":1,"minecraft:mob_kills":31,"minecraft:interact_with_crafting_table":9,"minecraft:leave_game":2,"minecraft:time_since_death":5370,"minecraft:sleep_in_bed":1,"minecraft:climb_one_cm":1600,"minecraft:time_since_rest":1143,"minecraft:sprint_one_cm":121633,"minecraft:damage_taken":4615,"minecraft:walk_one_cm":93555,"minecraft:drop":23,"minecraft:damage_dealt":6201,"minecraft:swim_one_cm":172253,"minecraft:fly_one_cm":131697,"minecraft:player_kills":1,"minecraft:open_chest":19,"minecraft:crouch_one_cm":8607,"minecraft:play_time":62177,"minecraft:deaths":22,"minecraft:sneak_time":3339,"minecraft:walk_under_water_one_cm":38858,"minecraft:jump":892,"minecraft:walk_on_water_one_cm":41843,"minecraft:total_world_time":62177,"minecraft:fall_one_cm":24306},"minecraft:broken":{"minecraft:wooden_axe":4},"minecraft:crafted":{"minecraft:crafting_table":2,"biomesoplenty:mahogany_planks":176,"minecraft:wooden_pickaxe":1,"minecraft:birch_planks":12,"minecraft:stone_axe":1,"minecraft:jungle_planks":24,"minecraft:stick":16,"minecraft:stone_pickaxe":1,"minecraft:wooden_axe":5,"minecraft:acacia_planks":16},"minecraft:killed_by":{"fuzzymobs:blood_moon_zombie_2":1,"fuzzymobs:green_ninja":2,"minecraft:skeleton":1,"fuzzymobs:bloodmoon_pig":1,"fuzzymobs:native_man_shooter":4,"minecraft:zombie":5,"fuzzymobs:piranha":1,"structuresadventures:chicken_warrior":4},"minecraft:used":{"biomesoplenty:mahogany_planks":99,"xtradrinks:pineapple":3,"minecraft:wooden_pickaxe":14,"biomesoplenty:mahogany_log":4,"minecraft:dirt":4,"minecraft:crafting_table":4,"minecraft:wooden_axe":209,"minecraft:stone_axe":22},"minecraft:dropped":{"minecraft:iron_sword":3,"minecraft:wheat_seeds":6,"alexsmobs:animal_dictionary":1,"minecraft:rotten_flesh":1,"biomesoplenty:mahogany_planks":64,"xtradrinks:lemon":10,"minecraft:dirt":6,"minecraft:shield":2,"fuzzymobs:stinger":1,"minecraft:wooden_axe":3,"minecraft:melon_slice":1,"minecraft:wooden_pickaxe":1,"firstaid:plaster":5,"minecraft:tripwire_hook":2},"minecraft:mined":{"xtradrinks:lemon":1,"xtradrinks:grape":1,"minecraft:jungle_leaves":2,"xtradrinks:blackberry":1,"minecraft:crafting_table":2,"xtradrinks:pineapple":1,"minecraft:grass_block":4,"minecraft:melon":12,"biomesoplenty:mahogany_planks":1,"minecraft:jungle_log":6,"alexsmobs:leafcutter_ant_chamber":1,"minecraft:sugar_cane":4,"minecraft:spawner":1,"xtradrinks:cranberry":2,"biomesoplenty:mahogany_log":48,"minecraft:grass":1,"minecraft:cocoa":11,"minecraft:dirt":3,"minecraft:tripwire_hook":3,"minecraft:stone":6,"minecraft:fern":21,"minecraft:tripwire":7}},"DataVersion":2975}