{"stats":{"minecraft:picked_up":{"xtradrinks:pineapple":22,"minecraft:stick":1,"minecraft:cocoa_beans":27,"minecraft:crafting_table":2,"xtradrinks:blackberry":14,"minecraft:prismarine_shard":3,"minecraft:jungle_log":6,"xtradrinks:lime":13,"fuzzymobs:stinger":1,"minecraft:dirt":7,"alexsmobs:animal_dictionary":1,"biomesoplenty:mahogany_log":22,"xtradrinks:grape":4,"xtradrinks:orange":9,"minecraft:apple":7,"biomesoplenty:mahogany_sapling":1,"minecraft:wheat_seeds":3,"xtradrinks:lemon":10,"minecraft:popped_chorus_fruit":30,"minecraft:jungle_sapling":1,"xtradrinks:pomegranate":11,"minecraft:melon_slice":39,"biomesoplenty:mahogany_planks":1,"minecraft:cod":6,"xtradrinks:cranberry":8},"minecraft:killed":{"fuzzymobs:bloodmoon_pig":1,"fuzzymobs:piranha":2,"minecraft:zombie":1,"alexsmobs:terrapin":1,"xtradrinks:greenman":1,"alexsmobs:leafcutter_ant":1,"structuresadventures:chicken_warrior":4,"fuzzymobs:shark":2,"fuzzymobs:bloodmoon_cow":1},"minecraft:custom":{"minecraft:time_since_rest":575,"minecraft:sprint_one_cm":44926,"minecraft:damage_taken":1725,"minecraft:walk_one_cm":47437,"minecraft:mob_kills":15,"minecraft:drop":3,"minecraft:damage_dealt":3414,"minecraft:swim_one_cm":42751,"minecraft:interact_with_crafting_table":5,"minecraft:fly_one_cm":36090,"minecraft:player_kills":1,"minecraft:open_chest":7,"minecraft:crouch_one_cm":6708,"minecraft:play_time":24787,"minecraft:deaths":6,"minecraft:sneak_time":2337,"minecraft:walk_under_water_one_cm":6486,"minecraft:jump":352,"minecraft:walk_on_water_one_cm":10636,"minecraft:time_since_death":550,"minecraft:climb_one_cm":140,"minecraft:total_world_time":24787,"minecraft:fall_one_cm":10833},"minecraft:broken":{"minecraft:wooden_axe":3},"minecraft:crafted":{"minecraft:crafting_table":1,"minecraft:stick":16,"biomesoplenty:mahogany_planks":88,"minecraft:wooden_pickaxe":1,"minecraft:wooden_axe":2,"minecraft:jungle_planks":24},"minecraft:killed_by":{"fuzzymobs:blood_moon_zombie_2":1,"fuzzymobs:green_ninja":1,"structuresadventures:chicken_warrior":2},"minecraft:used":{"biomesoplenty:mahogany_planks":15,"minecraft:wooden_axe":122,"xtradrinks:pineapple":2,"minecraft:wooden_pickaxe":5,"minecraft:dirt":4,"minecraft:crafting_table":3},"minecraft:dropped":{"xtradrinks:lemon":10,"firstaid:plaster":5},"minecraft:mined":{"xtradrinks:cranberry":2,"xtradrinks:lemon":1,"biomesoplenty:mahogany_log":22,"minecraft:jungle_leaves":2,"xtradrinks:blackberry":1,"minecraft:crafting_table":2,"minecraft:grass":1,"biomesoplenty:mahogany_planks":1,"minecraft:grass_block":4,"minecraft:melon":9,"minecraft:cocoa":8,"minecraft:jungle_log":6,"minecraft:dirt":3,"alexsmobs:leafcutter_ant_chamber":1,"minecraft:fern":15,"minecraft:spawner":1}},"DataVersion":2975}