{"stats":{"minecraft:picked_up":{"minecraft:cocoa_beans":36,"minecraft:crafting_table":2,"minecraft:feather":2,"minecraft:chicken":5,"minecraft:prismarine_shard":3,"minecraft:jungle_log":6,"minecraft:shield":2,"minecraft:dirt":7,"xtradrinks:orange":9,"minecraft:apple":7,"minecraft:wheat_seeds":3,"minecraft:popped_chorus_fruit":30,"minecraft:jungle_sapling":1,"minecraft:melon_slice":40,"minecraft:iron_sword":3,"biomesoplenty:mahogany_planks":1,"xtradrinks:cranberry":8,"xtradrinks:pineapple":22,"minecraft:stick":1,"xtradrinks:blackberry":14,"xtradrinks:lime":13,"fuzzymobs:stinger":1,"alexsmobs:animal_dictionary":1,"xtradrinks:grape":4,"biomesoplenty:mahogany_log":22,"minecraft:rotten_flesh":1,"biomesoplenty:mahogany_sapling":1,"xtradrinks:lemon":10,"xtradrinks:pomegranate":11,"minecraft:cod":6},"minecraft:killed":{"fuzzymobs:piranha":2,"fuzzymobs:green_ninja":1,"structuresadventures:chicken_wizard":1,"fuzzymobs:shark":2,"fuzzymobs:bloodmoon_cow":1,"fuzzymobs:bloodmoon_pig":1,"fuzzymobs:native_man_shooter":3,"minecraft:zombie":1,"alexsmobs:terrapin":1,"xtradrinks:greenman":1,"alexsmobs:leafcutter_ant":1,"structuresadventures:chicken_warrior":6,"fuzzymobs:farsight_zombie":1},"minecraft:custom":{"minecraft:mob_kills":24,"minecraft:interact_with_crafting_table":6,"minecraft:time_since_death":4523,"minecraft:climb_one_cm":370,"minecraft:time_since_rest":4550,"minecraft:sprint_one_cm":71619,"minecraft:damage_taken":3350,"minecraft:walk_one_cm":57249,"minecraft:drop":9,"minecraft:damage_dealt":4644,"minecraft:swim_one_cm":97910,"minecraft:player_kills":1,"minecraft:fly_one_cm":63931,"minecraft:open_chest":13,"minecraft:crouch_one_cm":6944,"minecraft:play_time":36787,"minecraft:deaths":14,"minecraft:sneak_time":2498,"minecraft:walk_under_water_one_cm":21183,"minecraft:jump":466,"minecraft:walk_on_water_one_cm":25524,"minecraft:total_world_time":36787,"minecraft:fall_one_cm":14201},"minecraft:broken":{"minecraft:wooden_axe":4},"minecraft:crafted":{"minecraft:crafting_table":1,"biomesoplenty:mahogany_planks":88,"minecraft:wooden_pickaxe":1,"minecraft:jungle_planks":24,"minecraft:stick":16,"minecraft:wooden_axe":4},"minecraft:killed_by":{"fuzzymobs:blood_moon_zombie_2":1,"fuzzymobs:green_ninja":2,"fuzzymobs:bloodmoon_pig":1,"fuzzymobs:native_man_shooter":4,"structuresadventures:chicken_warrior":4},"minecraft:used":{"biomesoplenty:mahogany_planks":24,"xtradrinks:pineapple":2,"minecraft:wooden_pickaxe":6,"minecraft:dirt":4,"minecraft:crafting_table":3,"minecraft:wooden_axe":154},"minecraft:dropped":{"minecraft:iron_sword":3,"xtradrinks:lemon":10,"minecraft:shield":2,"minecraft:melon_slice":1,"firstaid:plaster":5},"minecraft:mined":{"xtradrinks:lemon":1,"minecraft:jungle_leaves":2,"xtradrinks:blackberry":1,"minecraft:crafting_table":2,"minecraft:grass_block":4,"minecraft:melon":9,"biomesoplenty:mahogany_planks":1,"minecraft:jungle_log":6,"alexsmobs:leafcutter_ant_chamber":1,"minecraft:spawner":1,"xtradrinks:cranberry":2,"biomesoplenty:mahogany_log":22,"minecraft:grass":1,"minecraft:cocoa":11,"minecraft:dirt":3,"minecraft:fern":17}},"DataVersion":2975}