{"stats":{"minecraft:picked_up":{"firstaid:plaster":5,"minecraft:cocoa_beans":3,"minecraft:chicken":2,"minecraft:jungle_log":5,"minecraft:porkchop":1,"minecraft:rotten_flesh":10,"xtradrinks:lemon":10,"minecraft:cod":1},"minecraft:killed":{"alexsmobs:catfish":1,"fuzzymobs:piranha":1,"fuzzymobs:green_ninja":1,"fuzzymobs:broken_zombie":1,"alexsmobs:terrapin":1,"fuzzymobs:angry_wasp":1,"fuzzymobs:blood_moon_zombie":4,"fuzzymobs:blood_moon_zombie_2":3,"fuzzymobs:farsight_zombie":3},"minecraft:custom":{"minecraft:time_since_rest":961,"minecraft:sprint_one_cm":8399,"minecraft:damage_taken":725,"minecraft:walk_one_cm":39195,"minecraft:mob_kills":15,"minecraft:damage_dealt":2139,"minecraft:swim_one_cm":17719,"minecraft:interact_with_crafting_table":2,"minecraft:fly_one_cm":8289,"minecraft:open_barrel":2,"minecraft:open_chest":2,"minecraft:crouch_one_cm":2380,"minecraft:play_time":23784,"minecraft:deaths":2,"minecraft:sneak_time":1905,"minecraft:walk_under_water_one_cm":13561,"minecraft:jump":180,"minecraft:walk_on_water_one_cm":12641,"minecraft:time_since_death":931,"minecraft:total_world_time":23784,"minecraft:fall_one_cm":2102},"minecraft:broken":{"minecraft:wooden_axe":1},"minecraft:crafted":{"minecraft:stick":8,"minecraft:wooden_pickaxe":1,"minecraft:wooden_axe":2,"minecraft:jungle_planks":20},"minecraft:killed_by":{"minecraft:player":1,"structuresadventures:chicken_warrior":1},"minecraft:used":{"minecraft:wooden_axe":37,"minecraft:jungle_planks":1},"minecraft:mined":{"minecraft:tall_seagrass":10,"minecraft:jungle_leaves":1,"minecraft:cocoa":2,"minecraft:jungle_log":5,"minecraft:fern":1}},"DataVersion":2975}