{"stats":{"minecraft:picked_up":{"minecraft:cocoa_beans":3,"minecraft:crafting_table":2,"minecraft:chicken":4,"minecraft:jungle_log":5,"minecraft:leather":1,"minecraft:wooden_pickaxe":1,"minecraft:shield":1,"minecraft:dirt":1,"minecraft:string":3,"minecraft:bone":2,"minecraft:wheat_seeds":4,"minecraft:beef":2,"minecraft:melon_slice":23,"minecraft:iron_sword":1,"biomesoplenty:mahogany_planks":66,"firstaid:plaster":5,"minecraft:stick":4,"minecraft:porkchop":1,"fuzzymobs:stinger":1,"minecraft:jungle_planks":5,"minecraft:carrot":1,"biomesoplenty:mahogany_log":1,"minecraft:arrow":2,"minecraft:rotten_flesh":15,"xtradrinks:lemon":10,"minecraft:cod":1,"minecraft:skeleton_skull":1,"minecraft:cobblestone":11},"minecraft:killed":{"fuzzymobs:piranha":1,"fuzzymobs:green_ninja":1,"fuzzymobs:blood_moon_zombie":4,"fuzzymobs:bloodmoon_chicken":1,"fuzzymobs:blood_moon_zombie_2":4,"fuzzymobs:bloodmoon_cow":1,"minecraft:skeleton":1,"alexsmobs:catfish":1,"minecraft:zombie":2,"fuzzymobs:krell":1,"fuzzymobs:broken_zombie":1,"alexsmobs:terrapin":1,"fuzzymobs:angry_wasp":1,"structuresadventures:chicken_warrior":7,"minecraft:cow":2,"fuzzymobs:farsight_zombie":3},"minecraft:custom":{"minecraft:interact_with_furnace":2,"minecraft:mob_kills":31,"minecraft:interact_with_crafting_table":7,"minecraft:open_barrel":2,"minecraft:leave_game":2,"minecraft:time_since_death":11145,"minecraft:sleep_in_bed":1,"minecraft:climb_one_cm":1736,"minecraft:time_since_rest":5978,"minecraft:sprint_one_cm":37357,"minecraft:damage_taken":2050,"minecraft:walk_one_cm":139302,"minecraft:drop":2,"minecraft:damage_dealt":4860,"minecraft:swim_one_cm":61565,"minecraft:fly_one_cm":32635,"minecraft:open_chest":17,"minecraft:crouch_one_cm":6316,"minecraft:play_time":66131,"minecraft:deaths":10,"minecraft:sneak_time":5085,"minecraft:walk_under_water_one_cm":50553,"minecraft:jump":546,"minecraft:walk_on_water_one_cm":43563,"minecraft:total_world_time":66131,"minecraft:fall_one_cm":7371},"minecraft:broken":{"minecraft:wooden_axe":2},"minecraft:crafted":{"minecraft:crafting_table":1,"biomesoplenty:mahogany_planks":4,"minecraft:wooden_pickaxe":1,"minecraft:stone_axe":1,"minecraft:jungle_planks":20,"minecraft:stick":12,"minecraft:stone_pickaxe":1,"minecraft:wooden_axe":3},"minecraft:killed_by":{"minecraft:player":1,"minecraft:spider":1,"alexsmobs:gorilla":3,"fuzzymobs:bloodmoon_chicken":1,"fuzzymobs:farsight_zombie":1,"structuresadventures:chicken_warrior":1},"minecraft:used":{"biomesoplenty:mahogany_planks":62,"minecraft:wooden_pickaxe":32,"minecraft:iron_sword":22,"minecraft:rotten_flesh":1,"minecraft:crafting_table":1,"minecraft:jungle_planks":1,"minecraft:wooden_axe":76,"minecraft:stone_axe":1},"minecraft:dropped":{"minecraft:jungle_planks":2},"minecraft:mined":{"minecraft:jungle_leaves":1,"minecraft:crafting_table":2,"minecraft:grass_block":1,"minecraft:melon":5,"biomesoplenty:mahogany_planks":2,"minecraft:jungle_log":5,"minecraft:tall_seagrass":10,"biomesoplenty:mahogany_log":1,"minecraft:grass":2,"minecraft:cocoa":2,"minecraft:stone":11,"minecraft:tripwire":1,"minecraft:fern":7}},"DataVersion":2975}