{"stats":{"minecraft:picked_up":{"minecraft:cocoa_beans":3,"minecraft:jungle_log":5,"minecraft:cod":1},"minecraft:killed":{"alexsmobs:catfish":1,"fuzzymobs:piranha":1,"alexsmobs:terrapin":1},"minecraft:custom":{"minecraft:time_since_rest":5791,"minecraft:crouch_one_cm":704,"minecraft:play_time":11784,"minecraft:sprint_one_cm":3558,"minecraft:deaths":1,"minecraft:damage_taken":285,"minecraft:walk_one_cm":17733,"minecraft:sneak_time":301,"minecraft:walk_under_water_one_cm":11244,"minecraft:mob_kills":3,"minecraft:jump":70,"minecraft:damage_dealt":271,"minecraft:time_since_death":3293,"minecraft:walk_on_water_one_cm":4286,"minecraft:total_world_time":11784,"minecraft:interact_with_crafting_table":1,"minecraft:swim_one_cm":10981,"minecraft:fall_one_cm":1566,"minecraft:fly_one_cm":4435},"minecraft:crafted":{"minecraft:stick":4,"minecraft:jungle_planks":12,"minecraft:wooden_axe":1},"minecraft:killed_by":{"minecraft:player":1},"minecraft:used":{"minecraft:wooden_axe":5},"minecraft:mined":{"minecraft:tall_seagrass":10,"minecraft:cocoa":2,"minecraft:jungle_log":5,"minecraft:jungle_leaves":1}},"DataVersion":2975}