{"stats":{"minecraft:picked_up":{"firstaid:plaster":5,"minecraft:cocoa_beans":3,"minecraft:stick":4,"minecraft:chicken":4,"minecraft:jungle_log":5,"minecraft:porkchop":1,"minecraft:jungle_planks":3,"minecraft:shield":1,"minecraft:string":1,"minecraft:arrow":2,"minecraft:bone":2,"minecraft:rotten_flesh":13,"minecraft:wheat_seeds":4,"xtradrinks:lemon":10,"minecraft:melon_slice":23,"minecraft:iron_sword":1,"biomesoplenty:mahogany_planks":2,"minecraft:cod":1},"minecraft:killed":{"minecraft:skeleton":1,"alexsmobs:catfish":1,"fuzzymobs:piranha":1,"fuzzymobs:green_ninja":1,"fuzzymobs:broken_zombie":1,"alexsmobs:terrapin":1,"fuzzymobs:bloodmoon_chicken":1,"fuzzymobs:angry_wasp":1,"fuzzymobs:blood_moon_zombie":4,"fuzzymobs:blood_moon_zombie_2":4,"structuresadventures:chicken_warrior":7,"fuzzymobs:bloodmoon_cow":1,"fuzzymobs:farsight_zombie":3},"minecraft:custom":{"minecraft:time_since_rest":5737,"minecraft:sprint_one_cm":19070,"minecraft:damage_taken":1610,"minecraft:walk_one_cm":88835,"minecraft:mob_kills":25,"minecraft:damage_dealt":4050,"minecraft:swim_one_cm":45862,"minecraft:interact_with_crafting_table":4,"minecraft:fly_one_cm":18784,"minecraft:open_barrel":2,"minecraft:open_chest":5,"minecraft:crouch_one_cm":5723,"minecraft:play_time":47784,"minecraft:deaths":7,"minecraft:sneak_time":4688,"minecraft:walk_under_water_one_cm":46409,"minecraft:jump":334,"minecraft:walk_on_water_one_cm":36377,"minecraft:time_since_death":5707,"minecraft:climb_one_cm":790,"minecraft:total_world_time":47784,"minecraft:fall_one_cm":3263},"minecraft:broken":{"minecraft:wooden_axe":2},"minecraft:crafted":{"minecraft:crafting_table":1,"minecraft:stick":12,"minecraft:wooden_pickaxe":1,"minecraft:wooden_axe":3,"minecraft:jungle_planks":20},"minecraft:used":{"minecraft:wooden_axe":62,"minecraft:iron_sword":18,"minecraft:rotten_flesh":1,"minecraft:crafting_table":1,"minecraft:jungle_planks":1},"minecraft:killed_by":{"alexsmobs:gorilla":3,"minecraft:player":1,"fuzzymobs:bloodmoon_chicken":1,"fuzzymobs:farsight_zombie":1,"structuresadventures:chicken_warrior":1},"minecraft:mined":{"minecraft:tall_seagrass":10,"minecraft:jungle_leaves":1,"minecraft:melon":5,"biomesoplenty:mahogany_planks":2,"minecraft:cocoa":2,"minecraft:jungle_log":5,"minecraft:tripwire":1,"minecraft:fern":5}},"DataVersion":2975}